country,total_cases,total_deaths,total_vaccinations,population,death_rate,vaccination_rate,cases_per_million
USA,6523388,89166,8347920,425968276,1.37,1.96,15314.257815762787
India,2334489,30628,1302840,508972759,1.31,0.26,4586.6678691933685
Brazil,7304212,160855,8824018,98409749,2.2,8.97,74222.44314432709
UK,7504852,220629,9999784,921989541,2.94,1.08,8139.845048415794
Germany,3444769,46974,2354170,242968651,1.36,0.97,14177.833172395562
France,9884633,202586,9211934,187077808,2.05,4.92,52837.01528082904
Japan,5843066,129932,3736604,191009883,2.22,1.96,30590.385734124553
Australia,4821339,83540,4609537,161079598,1.73,2.86,29931.40695570894
